{
  "eval_loss": 1.3889641761779785,
  "eval_accuracy": 0.5,
  "eval_precision_w": 0.25,
  "eval_recall_w": 0.5,
  "eval_f1_w": 0.3333333333333333,
  "eval_runtime": 0.2083,
  "eval_samples_per_second": 9.604,
  "eval_steps_per_second": 4.802,
  "epoch": 1.0
}