{
  "dp": {
    "epsilon": 0.1891088976340777,
    "delta": 0.00034916201117318437,
    "noise_multiplier": 1.2,
    "max_grad_norm": 1.0,
    "secure_mode": false
  },
  "class_weights": [
    1.4078656843670072,
    0.04123035218503378,
    2.5096736112629254,
    0.04123035218503378
  ],
  "test_metrics": {
    "accuracy": 0.9706840390879479,
    "precision_w": 0.9710517813598045,
    "recall_w": 0.9706840390879479,
    "f1_w": 0.9697209646608349
  }
}